Ndex,Pokémon,Type,Secondary Typing,Special Form,Generation
#0001,Bulbasaur,Grass,Poison,,1
#0002,Ivysaur,Grass,Poison,,1
#0003,Venusaur,Grass,Poison,,1
#0004,Charmander,Fire,,,1
#0005,Charmeleon,Fire,,,1
#0006,Charizard,Fire,Flying,,1
#0007,Squirtle,Water,,,1
#0008,Wartortle,Water,,,1
#0009,Blastoise,Water,,,1
#0010,Caterpie,Bug,,,1
#0011,Metapod,Bug,,,1
#0012,Butterfree,Bug,Flying,,1
#0013,Weedle,Bug,Poison,,1
#0014,Kakuna,Bug,Poison,,1
#0015,Beedrill,Bug,Poison,,1
#0016,Pidgey,Normal,Flying,,1
#0017,Pidgeotto,Normal,Flying,,1
#0018,Pidgeot,Normal,Flying,,1
#0019,Rattata,Normal,,,1
#0019,Rattata,Dark,Normal,Alolan Form,1
#0020,Raticate,Normal,,,1
#0020,Raticate,Dark,Normal,Alolan Form,1
#0021,Spearow,Normal,Flying,,1
#0022,Fearow,Normal,Flying,,1
#0023,Ekans,Poison,,,1
#0024,Arbok,Poison,,,1
#0025,Pikachu,Electric,,,1
#0026,Raichu,Electric,,,1
#0026,Raichu,Electric,Psychic,Alolan Form,1
#0027,Sandshrew,Ground,,,1
#0027,Sandshrew,Ice,Steel,Alolan Form,1
#0028,Sandslash,Ground,,,1
#0028,Sandslash,Ice,Steel,Alolan Form,1
#0029,Nidoran?,Poison,,,1
#0030,Nidorina,Poison,,,1
#0031,Nidoqueen,Poison,Ground,,1
#0032,Nidoran?,Poison,,,1
#0033,Nidorino,Poison,,,1
#0034,Nidoking,Poison,Ground,,1
#0035,Clefairy,Fairy,,,1
#0036,Clefable,Fairy,,,1
#0037,Vulpix,Fire,,,1
#0037,Vulpix,Ice,,Alolan Form,1
#0038,Ninetales,Fire,,,1
#0038,Ninetales,Ice,Fairy,Alolan Form,1
#0039,Jigglypuff,Normal,Fairy,,1
#0040,Wigglytuff,Normal,Fairy,,1
#0041,Zubat,Poison,Flying,,1
#0042,Golbat,Poison,Flying,,1
#0043,Oddish,Grass,Poison,,1
#0044,Gloom,Grass,Poison,,1
#0045,Vileplume,Grass,Poison,,1
#0046,Paras,Bug,Grass,,1
#0047,Parasect,Bug,Grass,,1
#0048,Venonat,Bug,Poison,,1
#0049,Venomoth,Bug,Poison,,1
#0050,Diglett,Ground,,,1
#0050,Diglett,Ground,Steel,Alolan Form,1
#0051,Dugtrio,Ground,,,1
#0051,Dugtrio,Ground,Steel,Alolan Form,1
#0052,Meowth,Normal,,,1
#0052,Meowth,Dark,,Alolan Form,1
#0052,Meowth,Steel,,Galarian Form,1
#0053,Persian,Normal,,,1
#0053,Persian,Dark,,Alolan Form,1
#0054,Psyduck,Water,,,1
#0055,Golduck,Water,,,1
#0056,Mankey,Fighting,,,1
#0057,Primeape,Fighting,,,1
#0058,Growlithe,Fire,,,1
#0058,Growlithe,Fire,Rock,Hisuian Form,1
#0059,Arcanine,Fire,,,1
#0059,Arcanine,Fire,Rock,Hisuian Form,1
#0060,Poliwag,Water,,,1
#0061,Poliwhirl,Water,,,1
#0062,Poliwrath,Water,Fighting,,1
#0063,Abra,Psychic,,,1
#0064,Kadabra,Psychic,,,1
#0065,Alakazam,Psychic,,,1
#0066,Machop,Fighting,,,1
#0067,Machoke,Fighting,,,1
#0068,Machamp,Fighting,,,1
#0069,Bellsprout,Grass,Poison,,1
#0070,Weepinbell,Grass,Poison,,1
#0071,Victreebel,Grass,Poison,,1
#0072,Tentacool,Water,Poison,,1
#0073,Tentacruel,Water,Poison,,1
#0074,Geodude,Rock,Ground,,1
#0074,Geodude,Rock,Electric,Alolan Form,1
#0075,Graveler,Rock,Ground,,1
#0075,Graveler,Rock,Electric,Alolan Form,1
#0076,Golem,Rock,Ground,,1
#0076,Golem,Rock,Electric,Alolan Form,1
#0077,Ponyta,Fire,,,1
#0077,Ponyta,Psychic,,Galarian Form,1
#0078,Rapidash,Fire,,,1
#0078,Rapidash,Psychic,Fairy,Galarian Form,1
#0079,Slowpoke,Water,Psychic,,1
#0079,Slowpoke,Psychic,,Galarian Form,1
#0080,Slowbro,Water,Psychic,,1
#0080,Slowbro,Poison,Psychic,Galarian Form,1
#0081,Magnemite,Electric,Steel,,1
#0082,Magneton,Electric,Steel,,1
#0083,Farfetch'd,Normal,Flying,,1
#0083,Farfetch'd,Fighting,,Galarian Form,1
#0084,Doduo,Normal,Flying,,1
#0085,Dodrio,Normal,Flying,,1
#0086,Seel,Water,,,1
#0087,Dewgong,Water,Ice,,1
#0088,Grimer,Poison,,,1
#0088,Grimer,Poison,Dark,Alolan Form,1
#0089,Muk,Poison,,,1
#0089,Muk,Poison,Dark,Alolan Form,1
#0090,Shellder,Water,,,1
#0091,Cloyster,Water,Ice,,1
#0092,Gastly,Ghost,Poison,,1
#0093,Haunter,Ghost,Poison,,1
#0094,Gengar,Ghost,Poison,,1
#0095,Onix,Rock,Ground,,1
#0096,Drowzee,Psychic,,,1
#0097,Hypno,Psychic,,,1
#0098,Krabby,Water,,,1
#0099,Kingler,Water,,,1
#0100,Voltorb,Electric,,,1
#0100,Voltorb,Electric,Grass,Hisuian Form,1
#0101,Electrode,Electric,,,1
#0101,Electrode,Electric,Grass,Hisuian Form,1
#0102,Exeggcute,Grass,Psychic,,1
#0103,Exeggutor,Grass,Psychic,,1
#0103,Exeggutor,Grass,Dragon,Alolan Form,1
#0104,Cubone,Ground,,,1
#0105,Marowak,Ground,,,1
#0105,Marowak,Fire,Ghost,Alolan Form,1
#0106,Hitmonlee,Fighting,,,1
#0107,Hitmonchan,Fighting,,,1
#0108,Lickitung,Normal,,,1
#0109,Koffing,Poison,,,1
#0110,Weezing,Poison,,,1
#0110,Weezing,Poison,Fairy,Galarian Form,1
#0111,Rhyhorn,Ground,Rock,,1
#0112,Rhydon,Ground,Rock,,1
#0113,Chansey,Normal,,,1
#0114,Tangela,Grass,,,1
#0115,Kangaskhan,Normal,,,1
#0116,Horsea,Water,,,1
#0117,Seadra,Water,,,1
#0118,Goldeen,Water,,,1
#0119,Seaking,Water,,,1
#0120,Staryu,Water,,,1
#0121,Starmie,Water,Psychic,,1
#0122,Mr. Mime,Psychic,Fairy,,1
#0122,Mr. Mime,Ice,Psychic,Galarian Form,1
#0123,Scyther,Bug,Flying,,1
#0124,Jynx,Ice,Psychic,,1
#0125,Electabuzz,Electric,,,1
#0126,Magmar,Fire,,,1
#0127,Pinsir,Bug,,,1
#0128,Tauros,Normal,,,1
#0128,Tauros,Fighting,,Paldean Form (Combat Breed),1
#0128,Tauros,Fighting,Fire,Paldean Form (Blaze Breed),1
#0128,Tauros,Fighting,Water,Paldean Form (Aqua Breed),1
#0129,Magikarp,Water,,,1
#0130,Gyarados,Water,Flying,,1
#0131,Lapras,Water,Ice,,1
#0132,Ditto,Normal,,,1
#0133,Eevee,Normal,,,1
#0134,Vaporeon,Water,,,1
#0135,Jolteon,Electric,,,1
#0136,Flareon,Fire,,,1
#0137,Porygon,Normal,,,1
#0138,Omanyte,Rock,Water,,1
#0139,Omastar,Rock,Water,,1
#0140,Kabuto,Rock,Water,,1
#0141,Kabutops,Rock,Water,,1
#0142,Aerodactyl,Rock,Flying,,1
#0143,Snorlax,Normal,,,1
#0144,Articuno,Ice,Flying,,1
#0144,Articuno,Psychic,Flying,Galarian Form,1
#0145,Zapdos,Electric,Flying,,1
#0145,Zapdos,Fighting,Flying,Galarian Form,1
#0146,Moltres,Fire,Flying,,1
#0146,Moltres,Dark,Flying,Galarian Form,1
#0147,Dratini,Dragon,,,1
#0148,Dragonair,Dragon,,,1
#0149,Dragonite,Dragon,Flying,,1
#0150,Mewtwo,Psychic,,,1
#0151,Mew,Psychic,,,1
#0152,Chikorita,Grass,,,2
#0153,Bayleef,Grass,,,2
#0154,Meganium,Grass,,,2
#0155,Cyndaquil,Fire,,,2
#0156,Quilava,Fire,,,2
#0157,Typhlosion,Fire,,,2
#0157,Typhlosion,Fire,Ghost,Hisuian Form,2
#0158,Totodile,Water,,,2
#0159,Croconaw,Water,,,2
#0160,Feraligatr,Water,,,2
#0161,Sentret,Normal,,,2
#0162,Furret,Normal,,,2
#0163,Hoothoot,Normal,Flying,,2
#0164,Noctowl,Normal,Flying,,2
#0165,Ledyba,Bug,Flying,,2
#0166,Ledian,Bug,Flying,,2
#0167,Spinarak,Bug,Poison,,2
#0168,Ariados,Bug,Poison,,2
#0169,Crobat,Poison,Flying,,2
#0170,Chinchou,Water,Electric,,2
#0171,Lanturn,Water,Electric,,2
#0172,Pichu,Electric,,,2
#0173,Cleffa,Fairy,,,2
#0174,Igglybuff,Normal,Fairy,,2
#0175,Togepi,Fairy,,,2
#0176,Togetic,Fairy,Flying,,2
#0177,Natu,Psychic,Flying,,2
#0178,Xatu,Psychic,Flying,,2
#0179,Mareep,Electric,,,2
#0180,Flaaffy,Electric,,,2
#0181,Ampharos,Electric,,,2
#0182,Bellossom,Grass,,,2
#0183,Marill,Water,Fairy,,2
#0184,Azumarill,Water,Fairy,,2
#0185,Sudowoodo,Rock,,,2
#0186,Politoed,Water,,,2
#0187,Hoppip,Grass,Flying,,2
#0188,Skiploom,Grass,Flying,,2
#0189,Jumpluff,Grass,Flying,,2
#0190,Aipom,Normal,,,2
#0191,Sunkern,Grass,,,2
#0192,Sunflora,Grass,,,2
#0193,Yanma,Bug,Flying,,2
#0194,Wooper,Water,Ground,,2
#0194,Wooper,Poison,Ground,Paldean Form,2
#0195,Quagsire,Water,Ground,,2
#0196,Espeon,Psychic,,,2
#0197,Umbreon,Dark,,,2
#0198,Murkrow,Dark,Flying,,2
#0199,Slowking,Water,Psychic,,2
#0199,Slowking,Poison,Psychic,Galarian Form,2
#0200,Misdreavus,Ghost,,,2
#0201,Unown,Psychic,,,2
#0202,Wobbuffet,Psychic,,,2
#0203,Girafarig,Normal,Psychic,,2
#0204,Pineco,Bug,,,2
#0205,Forretress,Bug,Steel,,2
#0206,Dunsparce,Normal,,,2
#0207,Gligar,Ground,Flying,,2
#0208,Steelix,Steel,Ground,,2
#0209,Snubbull,Fairy,,,2
#0210,Granbull,Fairy,,,2
#0211,Qwilfish,Water,Poison,,2
#0211,Qwilfish,Dark,Poison,Hisuian Form,2
#0212,Scizor,Bug,Steel,,2
#0213,Shuckle,Bug,Rock,,2
#0214,Heracross,Bug,Fighting,,2
#0215,Sneasel,Dark,Ice,,2
#0215,Sneasel,Fighting,Poison,Hisuian Form,2
#0216,Teddiursa,Normal,,,2
#0217,Ursaring,Normal,,,2
#0218,Slugma,Fire,,,2
#0219,Magcargo,Fire,Rock,,2
#0220,Swinub,Ice,Ground,,2
#0221,Piloswine,Ice,Ground,,2
#0222,Corsola,Water,Rock,,2
#0222,Corsola,Ghost,,Galarian Form,2
#0223,Remoraid,Water,,,2
#0224,Octillery,Water,,,2
#0225,Delibird,Ice,Flying,,2
#0226,Mantine,Water,Flying,,2
#0227,Skarmory,Steel,Flying,,2
#0228,Houndour,Dark,Fire,,2
#0229,Houndoom,Dark,Fire,,2
#0230,Kingdra,Water,Dragon,,2
#0231,Phanpy,Ground,,,2
#0232,Donphan,Ground,,,2
#0233,Porygon2,Normal,,,2
#0234,Stantler,Normal,,,2
#0235,Smeargle,Normal,,,2
#0236,Tyrogue,Fighting,,,2
#0237,Hitmontop,Fighting,,,2
#0238,Smoochum,Ice,Psychic,,2
#0239,Elekid,Electric,,,2
#0240,Magby,Fire,,,2
#0241,Miltank,Normal,,,2
#0242,Blissey,Normal,,,2
#0243,Raikou,Electric,,,2
#0244,Entei,Fire,,,2
#0245,Suicune,Water,,,2
#0246,Larvitar,Rock,Ground,,2
#0247,Pupitar,Rock,Ground,,2
#0248,Tyranitar,Rock,Dark,,2
#0249,Lugia,Psychic,Flying,,2
#0250,Ho-Oh,Fire,Flying,,2
#0251,Celebi,Psychic,Grass,,2
#0252,Treecko,Grass,,,3
#0253,Grovyle,Grass,,,3
#0254,Sceptile,Grass,,,3
#0255,Torchic,Fire,,,3
#0256,Combusken,Fire,Fighting,,3
#0257,Blaziken,Fire,Fighting,,3
#0258,Mudkip,Water,,,3
#0259,Marshtomp,Water,Ground,,3
#0260,Swampert,Water,Ground,,3
#0261,Poochyena,Dark,,,3
#0262,Mightyena,Dark,,,3
#0263,Zigzagoon,Normal,,,3
#0263,Zigzagoon,Dark,Normal,Galarian Form,3
#0264,Linoone,Normal,,,3
#0264,Linoone,Dark,Normal,Galarian Form,3
#0265,Wurmple,Bug,,,3
#0266,Silcoon,Bug,,,3
#0267,Beautifly,Bug,Flying,,3
#0268,Cascoon,Bug,,,3
#0269,Dustox,Bug,Poison,,3
#0270,Lotad,Water,Grass,,3
#0271,Lombre,Water,Grass,,3
#0272,Ludicolo,Water,Grass,,3
#0273,Seedot,Grass,,,3
#0274,Nuzleaf,Grass,Dark,,3
#0275,Shiftry,Grass,Dark,,3
#0276,Taillow,Normal,Flying,,3
#0277,Swellow,Normal,Flying,,3
#0278,Wingull,Water,Flying,,3
#0279,Pelipper,Water,Flying,,3
#0280,Ralts,Psychic,Fairy,,3
#0281,Kirlia,Psychic,Fairy,,3
#0282,Gardevoir,Psychic,Fairy,,3
#0283,Surskit,Bug,Water,,3
#0284,Masquerain,Bug,Flying,,3
#0285,Shroomish,Grass,,,3
#0286,Breloom,Grass,Fighting,,3
#0287,Slakoth,Normal,,,3
#0288,Vigoroth,Normal,,,3
#0289,Slaking,Normal,,,3
#0290,Nincada,Bug,Ground,,3
#0291,Ninjask,Bug,Flying,,3
#0292,Shedinja,Bug,Ghost,,3
#0293,Whismur,Normal,,,3
#0294,Loudred,Normal,,,3
#0295,Exploud,Normal,,,3
#0296,Makuhita,Fighting,,,3
#0297,Hariyama,Fighting,,,3
#0298,Azurill,Normal,Fairy,,3
#0299,Nosepass,Rock,,,3
#0300,Skitty,Normal,,,3
#0301,Delcatty,Normal,,,3
#0302,Sableye,Dark,Ghost,,3
#0303,Mawile,Steel,Fairy,,3
#0304,Aron,Steel,Rock,,3
#0305,Lairon,Steel,Rock,,3
#0306,Aggron,Steel,Rock,,3
#0307,Meditite,Fighting,Psychic,,3
#0308,Medicham,Fighting,Psychic,,3
#0309,Electrike,Electric,,,3
#0310,Manectric,Electric,,,3
#0311,Plusle,Electric,,,3
#0312,Minun,Electric,,,3
#0313,Volbeat,Bug,,,3
#0314,Illumise,Bug,,,3
#0315,Roselia,Grass,Poison,,3
#0316,Gulpin,Poison,,,3
#0317,Swalot,Poison,,,3
#0318,Carvanha,Water,Dark,,3
#0319,Sharpedo,Water,Dark,,3
#0320,Wailmer,Water,,,3
#0321,Wailord,Water,,,3
#0322,Numel,Fire,Ground,,3
#0323,Camerupt,Fire,Ground,,3
#0324,Torkoal,Fire,,,3
#0325,Spoink,Psychic,,,3
#0326,Grumpig,Psychic,,,3
#0327,Spinda,Normal,,,3
#0328,Trapinch,Ground,,,3
#0329,Vibrava,Ground,Dragon,,3
#0330,Flygon,Ground,Dragon,,3
#0331,Cacnea,Grass,,,3
#0332,Cacturne,Grass,Dark,,3
#0333,Swablu,Normal,Flying,,3
#0334,Altaria,Dragon,Flying,,3
#0335,Zangoose,Normal,,,3
#0336,Seviper,Poison,,,3
#0337,Lunatone,Rock,Psychic,,3
#0338,Solrock,Rock,Psychic,,3
#0339,Barboach,Water,Ground,,3
#0340,Whiscash,Water,Ground,,3
#0341,Corphish,Water,,,3
#0342,Crawdaunt,Water,Dark,,3
#0343,Baltoy,Ground,Psychic,,3
#0344,Claydol,Ground,Psychic,,3
#0345,Lileep,Rock,Grass,,3
#0346,Cradily,Rock,Grass,,3
#0347,Anorith,Rock,Bug,,3
#0348,Armaldo,Rock,Bug,,3
#0349,Feebas,Water,,,3
#0350,Milotic,Water,,,3
#0351,Castform,Normal,,,3
#0351,Castform,Fire,,Sunny Form,3
#0351,Castform,Water,,Rainy Form,3
#0351,Castform,Ice,,Snowy Form,3
#0352,Kecleon,Normal,,,3
#0353,Shuppet,Ghost,,,3
#0354,Banette,Ghost,,,3
#0355,Duskull,Ghost,,,3
#0356,Dusclops,Ghost,,,3
#0357,Tropius,Grass,Flying,,3
#0358,Chimecho,Psychic,,,3
#0359,Absol,Dark,,,3
#0360,Wynaut,Psychic,,,3
#0361,Snorunt,Ice,,,3
#0362,Glalie,Ice,,,3
#0363,Spheal,Ice,Water,,3
#0364,Sealeo,Ice,Water,,3
#0365,Walrein,Ice,Water,,3
#0366,Clamperl,Water,,,3
#0367,Huntail,Water,,,3
#0368,Gorebyss,Water,,,3
#0369,Relicanth,Water,Rock,,3
#0370,Luvdisc,Water,,,3
#0371,Bagon,Dragon,,,3
#0372,Shelgon,Dragon,,,3
#0373,Salamence,Dragon,Flying,,3
#0374,Beldum,Steel,Psychic,,3
#0375,Metang,Steel,Psychic,,3
#0376,Metagross,Steel,Psychic,,3
#0377,Regirock,Rock,,,3
#0378,Regice,Ice,,,3
#0379,Registeel,Steel,,,3
#0380,Latias,Dragon,Psychic,,3
#0381,Latios,Dragon,Psychic,,3
#0382,Kyogre,Water,,,3
#0383,Groudon,Ground,,,3
#0384,Rayquaza,Dragon,Flying,,3
#0385,Jirachi,Steel,Psychic,,3
#0386,Deoxys,Psychic,,Normal Forme,3
#0387,Turtwig,Grass,,,4
#0388,Grotle,Grass,,,4
#0389,Torterra,Grass,Ground,,4
#0390,Chimchar,Fire,,,4
#0391,Monferno,Fire,Fighting,,4
#0392,Infernape,Fire,Fighting,,4
#0393,Piplup,Water,,,4
#0394,Prinplup,Water,,,4
#0395,Empoleon,Water,Steel,,4
#0396,Starly,Normal,Flying,,4
#0397,Staravia,Normal,Flying,,4
#0398,Staraptor,Normal,Flying,,4
#0399,Bidoof,Normal,,,4
#0400,Bibarel,Normal,Water,,4
#0401,Kricketot,Bug,,,4
#0402,Kricketune,Bug,,,4
#0403,Shinx,Electric,,,4
#0404,Luxio,Electric,,,4
#0405,Luxray,Electric,,,4
#0406,Budew,Grass,Poison,,4
#0407,Roserade,Grass,Poison,,4
#0408,Cranidos,Rock,,,4
#0409,Rampardos,Rock,,,4
#0410,Shieldon,Rock,Steel,,4
#0411,Bastiodon,Rock,Steel,,4
#0412,Burmy,Bug,,,4
#0413,Wormadam,Bug,Grass,Plant Cloak,4
#0413,Wormadam,Bug,Ground,Sandy Cloak,4
#0413,Wormadam,Bug,Steel,Trash Cloak,4
#0414,Mothim,Bug,Flying,,4
#0415,Combee,Bug,Flying,,4
#0416,Vespiquen,Bug,Flying,,4
#0417,Pachirisu,Electric,,,4
#0418,Buizel,Water,,,4
#0419,Floatzel,Water,,,4
#0420,Cherubi,Grass,,,4
#0421,Cherrim,Grass,,,4
#0422,Shellos,Water,,,4
#0423,Gastrodon,Water,Ground,,4
#0424,Ambipom,Normal,,,4
#0425,Drifloon,Ghost,Flying,,4
#0426,Drifblim,Ghost,Flying,,4
#0427,Buneary,Normal,,,4
#0428,Lopunny,Normal,,,4
#0429,Mismagius,Ghost,,,4
#0430,Honchkrow,Dark,Flying,,4
#0431,Glameow,Normal,,,4
#0432,Purugly,Normal,,,4
#0433,Chingling,Psychic,,,4
#0434,Stunky,Poison,Dark,,4
#0435,Skuntank,Poison,Dark,,4
#0436,Bronzor,Steel,Psychic,,4
#0437,Bronzong,Steel,Psychic,,4
#0438,Bonsly,Rock,,,4
#0439,Mime Jr.,Psychic,Fairy,,4
#0440,Happiny,Normal,,,4
#0441,Chatot,Normal,Flying,,4
#0442,Spiritomb,Ghost,Dark,,4
#0443,Gible,Dragon,Ground,,4
#0444,Gabite,Dragon,Ground,,4
#0445,Garchomp,Dragon,Ground,,4
#0446,Munchlax,Normal,,,4
#0447,Riolu,Fighting,,,4
#0448,Lucario,Fighting,Steel,,4
#0449,Hippopotas,Ground,,,4
#0450,Hippowdon,Ground,,,4
#0451,Skorupi,Poison,Bug,,4
#0452,Drapion,Poison,Dark,,4
#0453,Croagunk,Poison,Fighting,,4
#0454,Toxicroak,Poison,Fighting,,4
#0455,Carnivine,Grass,,,4
#0456,Finneon,Water,,,4
#0457,Lumineon,Water,,,4
#0458,Mantyke,Water,Flying,,4
#0459,Snover,Grass,Ice,,4
#0460,Abomasnow,Grass,Ice,,4
#0461,Weavile,Dark,Ice,,4
#0462,Magnezone,Electric,Steel,,4
#0463,Lickilicky,Normal,,,4
#0464,Rhyperior,Ground,Rock,,4
#0465,Tangrowth,Grass,,,4
#0466,Electivire,Electric,,,4
#0467,Magmortar,Fire,,,4
#0468,Togekiss,Fairy,Flying,,4
#0469,Yanmega,Bug,Flying,,4
#0470,Leafeon,Grass,,,4
#0471,Glaceon,Ice,,,4
#0472,Gliscor,Ground,Flying,,4
#0473,Mamoswine,Ice,Ground,,4
#0474,Porygon-Z,Normal,,,4
#0475,Gallade,Psychic,Fighting,,4
#0476,Probopass,Rock,Steel,,4
#0477,Dusknoir,Ghost,,,4
#0478,Froslass,Ice,Ghost,,4
#0479,Rotom,Electric,Ghost,Rotom,4
#0479,Rotom,Electric,Fire,Heat Rotom,4
#0479,Rotom,Electric,Water,Wash Rotom,4
#0479,Rotom,Electric,Ice,Frost Rotom,4
#0479,Rotom,Electric,Flying,Fan Rotom,4
#0479,Rotom,Electric,Grass,Mow Rotom,4
#0480,Uxie,Psychic,,,4
#0481,Mesprit,Psychic,,,4
#0482,Azelf,Psychic,,,4
#0483,Dialga,Steel,Dragon,,4
#0484,Palkia,Water,Dragon,,4
#0485,Heatran,Fire,Steel,,4
#0486,Regigigas,Normal,,,4
#0487,Giratina,Ghost,Dragon,,4
#0488,Cresselia,Psychic,,,4
#0489,Phione,Water,,,4
#0490,Manaphy,Water,,,4
#0491,Darkrai,Dark,,,4
#0492,Shaymin,Grass,,Land Forme,4
#0492,Shaymin,Grass,Flying,Sky Forme,4
#0493,Arceus,Normal,,,4
#0494,Victini,Psychic,Fire,,5
#0495,Snivy,Grass,,,5
#0496,Servine,Grass,,,5
#0497,Serperior,Grass,,,5
#0498,Tepig,Fire,,,5
#0499,Pignite,Fire,Fighting,,5
#0500,Emboar,Fire,Fighting,,5
#0501,Oshawott,Water,,,5
#0502,Dewott,Water,,,5
#0503,Samurott,Water,,,5
#0503,Samurott,Water,Dark,Hisuian Form,5
#0504,Patrat,Normal,,,5
#0505,Watchog,Normal,,,5
#0506,Lillipup,Normal,,,5
#0507,Herdier,Normal,,,5
#0508,Stoutland,Normal,,,5
#0509,Purrloin,Dark,,,5
#0510,Liepard,Dark,,,5
#0511,Pansage,Grass,,,5
#0512,Simisage,Grass,,,5
#0513,Pansear,Fire,,,5
#0514,Simisear,Fire,,,5
#0515,Panpour,Water,,,5
#0516,Simipour,Water,,,5
#0517,Munna,Psychic,,,5
#0518,Musharna,Psychic,,,5
#0519,Pidove,Normal,Flying,,5
#0520,Tranquill,Normal,Flying,,5
#0521,Unfezant,Normal,Flying,,5
#0522,Blitzle,Electric,,,5
#0523,Zebstrika,Electric,,,5
#0524,Roggenrola,Rock,,,5
#0525,Boldore,Rock,,,5
#0526,Gigalith,Rock,,,5
#0527,Woobat,Psychic,Flying,,5
#0528,Swoobat,Psychic,Flying,,5
#0529,Drilbur,Ground,,,5
#0530,Excadrill,Ground,Steel,,5
#0531,Audino,Normal,,,5
#0532,Timburr,Fighting,,,5
#0533,Gurdurr,Fighting,,,5
#0534,Conkeldurr,Fighting,,,5
#0535,Tympole,Water,,,5
#0536,Palpitoad,Water,Ground,,5
#0537,Seismitoad,Water,Ground,,5
#0538,Throh,Fighting,,,5
#0539,Sawk,Fighting,,,5
#0540,Sewaddle,Bug,Grass,,5
#0541,Swadloon,Bug,Grass,,5
#0542,Leavanny,Bug,Grass,,5
#0543,Venipede,Bug,Poison,,5
#0544,Whirlipede,Bug,Poison,,5
#0545,Scolipede,Bug,Poison,,5
#0546,Cottonee,Grass,Fairy,,5
#0547,Whimsicott,Grass,Fairy,,5
#0548,Petilil,Grass,,,5
#0549,Lilligant,Grass,,,5
#0549,Lilligant,Grass,Fighting,Hisuian Form,5
#0550,Basculin,Water,,,5
#0551,Sandile,Ground,Dark,,5
#0552,Krokorok,Ground,Dark,,5
#0553,Krookodile,Ground,Dark,,5
#0554,Darumaka,Fire,,,5
#0554,Darumaka,Ice,,Galarian Form,5
#0555,Darmanitan,Fire,,Standard Mode,5
#0555,Darmanitan,Fire,Psychic,Zen Mode,5
#0555,Darmanitan,Ice,,Galarian Form,5
#0555,Darmanitan,Ice,Fire,Zen Mode (Galarian Form),5
#0556,Maractus,Grass,,,5
#0557,Dwebble,Bug,Rock,,5
#0558,Crustle,Bug,Rock,,5
#0559,Scraggy,Dark,Fighting,,5
#0560,Scrafty,Dark,Fighting,,5
#0561,Sigilyph,Psychic,Flying,,5
#0562,Yamask,Ghost,,,5
#0562,Yamask,Ground,Ghost,Galarian Form,5
#0563,Cofagrigus,Ghost,,,5
#0564,Tirtouga,Water,Rock,,5
#0565,Carracosta,Water,Rock,,5
#0566,Archen,Rock,Flying,,5
#0567,Archeops,Rock,Flying,,5
#0568,Trubbish,Poison,,,5
#0569,Garbodor,Poison,,,5
#0570,Zorua,Dark,,,5
#0570,Zorua,Normal,Ghost,Hisuian Form,5
#0571,Zoroark,Dark,,,5
#0571,Zoroark,Normal,Ghost,Hisuian Form,5
#0572,Minccino,Normal,,,5
#0573,Cinccino,Normal,,,5
#0574,Gothita,Psychic,,,5
#0575,Gothorita,Psychic,,,5
#0576,Gothitelle,Psychic,,,5
#0577,Solosis,Psychic,,,5
#0578,Duosion,Psychic,,,5
#0579,Reuniclus,Psychic,,,5
#0580,Ducklett,Water,Flying,,5
#0581,Swanna,Water,Flying,,5
#0582,Vanillite,Ice,,,5
#0583,Vanillish,Ice,,,5
#0584,Vanilluxe,Ice,,,5
#0585,Deerling,Normal,Grass,,5
#0586,Sawsbuck,Normal,Grass,,5
#0587,Emolga,Electric,Flying,,5
#0588,Karrablast,Bug,,,5
#0589,Escavalier,Bug,Steel,,5
#0590,Foongus,Grass,Poison,,5
#0591,Amoonguss,Grass,Poison,,5
#0592,Frillish,Water,Ghost,,5
#0593,Jellicent,Water,Ghost,,5
#0594,Alomomola,Water,,,5
#0595,Joltik,Bug,Electric,,5
#0596,Galvantula,Bug,Electric,,5
#0597,Ferroseed,Grass,Steel,,5
#0598,Ferrothorn,Grass,Steel,,5
#0599,Klink,Steel,,,5
#0600,Klang,Steel,,,5
#0601,Klinklang,Steel,,,5
#0602,Tynamo,Electric,,,5
#0603,Eelektrik,Electric,,,5
#0604,Eelektross,Electric,,,5
#0605,Elgyem,Psychic,,,5
#0606,Beheeyem,Psychic,,,5
#0607,Litwick,Ghost,Fire,,5
#0608,Lampent,Ghost,Fire,,5
#0609,Chandelure,Ghost,Fire,,5
#0610,Axew,Dragon,,,5
#0611,Fraxure,Dragon,,,5
#0612,Haxorus,Dragon,,,5
#0613,Cubchoo,Ice,,,5
#0614,Beartic,Ice,,,5
#0615,Cryogonal,Ice,,,5
#0616,Shelmet,Bug,,,5
#0617,Accelgor,Bug,,,5
#0618,Stunfisk,Ground,Electric,,5
#0618,Stunfisk,Ground,Steel,Galarian Form,5
#0619,Mienfoo,Fighting,,,5
#0620,Mienshao,Fighting,,,5
#0621,Druddigon,Dragon,,,5
#0622,Golett,Ground,Ghost,,5
#0623,Golurk,Ground,Ghost,,5
#0624,Pawniard,Dark,Steel,,5
#0625,Bisharp,Dark,Steel,,5
#0626,Bouffalant,Normal,,,5
#0627,Rufflet,Normal,Flying,,5
#0628,Braviary,Normal,Flying,,5
#0628,Braviary,Psychic,Flying,Hisuian Form,5
#0629,Vullaby,Dark,Flying,,5
#0630,Mandibuzz,Dark,Flying ,,5
#0631,Heatmor,Fire,,,5
#0632,Durant,Bug,Steel,,5
#0633,Deino,Dark,Dragon,,5
#0634,Zweilous,Dark,Dragon,,5
#0635,Hydreigon,Dark,Dragon,,5
#0636,Larvesta,Bug,Fire,,5
#0637,Volcarona,Bug,Fire,,5
#0638,Cobalion,Steel,Fighting,,5
#0639,Terrakion,Rock,Fighting,,5
#0640,Virizion,Grass,Fighting,,5
#0641,Tornadus,Flying,,,5
#0642,Thundurus,Electric,Flying,,5
#0643,Reshiram,Dragon,Fire,,5
#0644,Zekrom,Dragon,Electric,,5
#0645,Landorus,Ground,Flying,,5
#0646,Kyurem,Dragon,Ice,,5
#0647,Keldeo,Water,Fighting,,5
#0648,Meloetta,Normal,Psychic,Aria Forme,5
#0648,Meloetta,Normal,Fighting,Pirouette Forme,5
#0649,Genesect,Bug,Steel,,5
#0650,Chespin,Grass,,,6
#0651,Quilladin,Grass,,,6
#0652,Chesnaught,Grass,Fighting,,6
#0653,Fennekin,Fire,,,6
#0654,Braixen,Fire,,,6
#0655,Delphox,Fire,Psychic,,6
#0656,Froakie,Water,,,6
#0657,Frogadier,Water,,,6
#0658,Greninja,Water,Dark,,6
#0659,Bunnelby,Normal,,,6
#0660,Diggersby,Normal,Ground,,6
#0661,Fletchling,Normal,Flying,,6
#0662,Fletchinder,Fire,Flying,,6
#0663,Talonflame,Fire,Flying,,6
#0664,Scatterbug,Bug,,,6
#0665,Spewpa,Bug,,,6
#0666,Vivillon,Bug,Flying,,6
#0667,Litleo,Fire,Normal,,6
#0668,Pyroar,Fire,Normal,,6
#0669,Flabébé,Fairy,,,6
#0670,Floette,Fairy,,,6
#0671,Florges,Fairy,,,6
#0672,Skiddo,Grass,,,6
#0673,Gogoat,Grass,,,6
#0674,Pancham,Fighting,,,6
#0675,Pangoro,Fighting,Dark,,6
#0676,Furfrou,Normal,,,6
#0677,Espurr,Psychic,,,6
#0678,Meowstic,Psychic,,,6
#0679,Honedge,Steel,Ghost,,6
#0680,Doublade,Steel,Ghost,,6
#0681,Aegislash,Steel,Ghost,,6
#0682,Spritzee,Fairy,,,6
#0683,Aromatisse,Fairy,,,6
#0684,Swirlix,Fairy,,,6
#0685,Slurpuff,Fairy,,,6
#0686,Inkay,Dark,Psychic,,6
#0687,Malamar,Dark,Psychic,,6
#0688,Binacle,Rock,Water,,6
#0689,Barbaracle,Rock,Water,,6
#0690,Skrelp,Poison,Water,,6
#0691,Dragalge,Poison,Dragon,,6
#0692,Clauncher,Water,,,6
#0693,Clawitzer,Water,,,6
#0694,Helioptile,Electric,Normal,,6
#0695,Heliolisk,Electric,Normal,,6
#0696,Tyrunt,Rock,Dragon,,6
#0697,Tyrantrum,Rock,Dragon,,6
#0698,Amaura,Rock,Ice,,6
#0699,Aurorus,Rock,Ice,,6
#0700,Sylveon,Fairy,,,6
#0701,Hawlucha,Fighting,Flying,,6
#0702,Dedenne,Electric,Fairy,,6
#0703,Carbink,Rock,Fairy,,6
#0704,Goomy,Dragon,,,6
#0705,Sliggoo,Dragon,,,6
#0705,Sliggoo,Steel,Dragon,Hisuian Form,6
#0706,Goodra,Dragon,,,6
#0706,Goodra,Steel,Dragon,Hisuian Form,6
#0707,Klefki,Steel,Fairy,,6
#0708,Phantump,Ghost,Grass,,6
#0709,Trevenant,Ghost,Grass,,6
#0710,Pumpkaboo,Ghost,Grass,,6
#0711,Gourgeist,Ghost,Grass,,6
#0712,Bergmite,Ice,,,6
#0713,Avalugg,Ice,,,6
#0713,Avalugg,Ice,Rock,Hisuian Form,6
#0714,Noibat,Flying,Dragon,,6
#0715,Noivern,Flying,Dragon,,6
#0716,Xerneas,Fairy,,,6
#0717,Yveltal,Dark,Flying,,6
#0718,Zygarde,Dragon,Ground,,6
#0719,Diancie,Rock,Fairy,,6
#0720,Hoopa,Psychic,Ghost,Hoopa Confined,6
#0720,Hoopa,Psychic,Dark,Hoopa Unbound,6
#0721,Volcanion,Fire,Water,,6
#0722,Rowlet,Grass,Flying,,7
#0723,Dartrix,Grass,Flying,,7
#0724,Decidueye,Grass,Ghost,,7
#0724,Decidueye,Grass,Fighting,Hisuian Form,7
#0725,Litten,Fire,,,7
#0726,Torracat,Fire,,,7
#0727,Incineroar,Fire,Dark,,7
#0728,Popplio,Water,,,7
#0729,Brionne,Water,,,7
#0730,Primarina,Water,Fairy,,7
#0731,Pikipek,Normal,Flying,,7
#0732,Trumbeak,Normal,Flying,,7
#0733,Toucannon,Normal,Flying,,7
#0734,Yungoos,Normal,,,7
#0735,Gumshoos,Normal,,,7
#0736,Grubbin,Bug,,,7
#0737,Charjabug,Bug,Electric,,7
#0738,Vikavolt,Bug,Electric,,7
#0739,Crabrawler,Fighting,,,7
#0740,Crabominable,Fighting,Ice,,7
#0741,Oricorio,Fire,Flying,Baile Style,7
#0741,Oricorio,Electric,Flying,Pom-Pom Style,7
#0741,Oricorio,Psychic,Flying,Pa’u Style,7
#0741,Oricorio,Ghost,Flying,Sensu Style,7
#0742,Cutiefly,Bug,Fairy,,7
#0743,Ribombee,Bug,Fairy,,7
#0744,Rockruff,Rock,,,7
#0745,Lycanroc,Rock,,,7
#0746,Wishiwashi,Water,,,7
#0747,Mareanie,Poison,Water,,7
#0748,Toxapex,Poison,Water,,7
#0749,Mudbray,Ground,,,7
#0750,Mudsdale,Ground,,,7
#0751,Dewpider,Water,Bug,,7
#0752,Araquanid,Water,Bug,,7
#0753,Fomantis,Grass,,,7
#0754,Lurantis,Grass,,,7
#0755,Morelull,Grass,Fairy,,7
#0756,Shiinotic,Grass,Fairy,,7
#0757,Salandit,Poison,Fire,,7
#0758,Salazzle,Poison,Fire,,7
#0759,Stufful,Normal,Fighting,,7
#0760,Bewear,Normal,Fighting,,7
#0761,Bounsweet,Grass,,,7
#0762,Steenee,Grass,,,7
#0763,Tsareena,Grass,,,7
#0764,Comfey,Fairy,,,7
#0765,Oranguru,Normal,Psychic,,7
#0766,Passimian,Fighting,,,7
#0767,Wimpod,Bug,Water,,7
#0768,Golisopod,Bug,Water,,7
#0769,Sandygast,Ghost,Ground,,7
#0770,Palossand,Ghost,Ground,,7
#0771,Pyukumuku,Water,,,7
#0772,Type: Null,Normal,,,7
#0773,Silvally,Normal,,,7
#0774,Minior,Rock,Flying,,7
#0775,Komala,Normal,,,7
#0776,Turtonator,Fire,Dragon,,7
#0777,Togedemaru,Electric,Steel,,7
#0778,Mimikyu,Ghost,Fairy,,7
#0779,Bruxish,Water,Psychic,,7
#0780,Drampa,Normal,Dragon,,7
#0781,Dhelmise,Ghost,Grass,,7
#0782,Jangmo-o,Dragon,,,7
#0783,Hakamo-o,Dragon,Fighting,,7
#0784,Kommo-o,Dragon,Fighting,,7
#0785,Tapu Koko,Electric,Fairy,,7
#0786,Tapu Lele,Psychic,Fairy,,7
#0787,Tapu Bulu,Grass,Fairy,,7
#0788,Tapu Fini,Water,Fairy,,7
#0789,Cosmog,Psychic,,,7
#0790,Cosmoem,Psychic,,,7
#0791,Solgaleo,Psychic,Steel,,7
#0792,Lunala,Psychic,Ghost,,7
#0793,Nihilego,Rock,Poison,,7
#0794,Buzzwole,Bug,Fighting,,7
#0795,Pheromosa,Bug,Fighting,,7
#0796,Xurkitree,Electric,,,7
#0797,Celesteela,Steel,Flying,,7
#0798,Kartana,Grass,Steel,,7
#0799,Guzzlord,Dark,Dragon,,7
#0800,Necrozma,Psychic,,,7
#0800,Necrozma,Psychic,Steel,Dusk Mane,7
#0800,Necrozma,Psychic,Ghost,Dawn Wings,7
#0801,Magearna,Steel,Fairy,,7
#0802,Marshadow,Fighting,Ghost,,7
#0803,Poipole,Poison,,,7
#0804,Naganadel,Poison,Dragon,,7
#0805,Stakataka,Rock,Steel,,7
#0806,Blacephalon,Fire,Ghost,,7
#0807,Zeraora,Electric,,,7
#0808,Meltan,Steel,,,7
#0809,Melmetal,Steel,,,7
#0810,Grookey,Grass,,,8
#0811,Thwackey,Grass,,,8
#0812,Rillaboom,Grass,,,8
#0813,Scorbunny,Fire,,,8
#0814,Raboot,Fire,,,8
#0815,Cinderace,Fire,,,8
#0816,Sobble,Water,,,8
#0817,Drizzile,Water,,,8
#0818,Inteleon,Water,,,8
#0819,Skwovet,Normal,,,8
#0820,Greedent,Normal,,,8
#0821,Rookidee,Flying,,,8
#0822,Corvisquire,Flying,,,8
#0823,Corviknight,Flying,Steel,,8
#0824,Blipbug,Bug,,,8
#0825,Dottler,Bug,Psychic,,8
#0826,Orbeetle,Bug,Psychic,,8
#0827,Nickit,Dark,,,8
#0828,Thievul,Dark,,,8
#0829,Gossifleur,Grass,,,8
#0830,Eldegoss,Grass,,,8
#0831,Wooloo,Normal,,,8
#0832,Dubwool,Normal,,,8
#0833,Chewtle,Water,,,8
#0834,Drednaw,Water,Rock,,8
#0835,Yamper,Electric,,,8
#0836,Boltund,Electric,,,8
#0837,Rolycoly,Rock,,,8
#0838,Carkol,Rock,Fire,,8
#0839,Coalossal,Rock,Fire,,8
#0840,Applin,Grass,Dragon,,8
#0841,Flapple,Grass,Dragon,,8
#0842,Appletun,Grass,Dragon,,8
#0843,Silicobra,Ground,,,8
#0844,Sandaconda,Ground,,,8
#0845,Cramorant,Flying,Water,,8
#0846,Arrokuda,Water,,,8
#0847,Barraskewda,Water,,,8
#0848,Toxel,Electric,Poison,,8
#0849,Toxtricity,Electric,Poison,,8
#0850,Sizzlipede,Fire,Bug,,8
#0851,Centiskorch,Fire,Bug,,8
#0852,Clobbopus,Fighting,,,8
#0853,Grapploct,Fighting,,,8
#0854,Sinistea,Ghost,,,8
#0855,Polteageist,Ghost,,,8
#0856,Hatenna,Psychic,,,8
#0857,Hattrem,Psychic,,,8
#0858,Hatterene,Psychic,Fairy,,8
#0859,Impidimp,Dark,Fairy,,8
#0860,Morgrem,Dark,Fairy,,8
#0861,Grimmsnarl,Dark,Fairy,,8
#0862,Obstagoon,Dark,Normal,,8
#0863,Perrserker,Steel,,,8
#0864,Cursola,Ghost,,,8
#0865,Sirfetch'd,Fighting,,,8
#0866,Mr. Rime,Ice,Psychic,,8
#0867,Runerigus,Ground,Ghost,,8
#0868,Milcery,Fairy,,,8
#0869,Alcremie,Fairy,,,8
#0870,Falinks,Fighting,,,8
#0871,Pincurchin,Electric,,,8
#0872,Snom,Ice,Bug,,8
#0873,Frosmoth,Ice,Bug,,8
#0874,Stonjourner,Rock,,,8
#0875,Eiscue,Ice,,,8
#0876,Indeedee,Psychic,Normal,,8
#0877,Morpeko,Electric,Dark,,8
#0878,Cufant,Steel,,,8
#0879,Copperajah,Steel,,,8
#0880,Dracozolt,Electric,Dragon,,8
#0881,Arctozolt,Electric,Ice,,8
#0882,Dracovish,Water,Dragon,,8
#0883,Arctovish,Water,Ice,,8
#0884,Duraludon,Steel,Dragon,,8
#0885,Dreepy,Dragon,Ghost,,8
#0886,Drakloak,Dragon,Ghost,,8
#0887,Dragapult,Dragon,Ghost,,8
#0888,Zacian,Fairy,,Hero of Many Battles,8
#0888,Zacian,Fairy,Steel,Crowned Sword,8
#0889,Zamazenta,Fighting,,Hero of Many Battles,8
#0889,Zamazenta,Fighting,Steel,Crowned Shield,8
#0890,Eternatus,Poison,Dragon,,8
#0891,Kubfu,Fighting,,,8
#0892,Urshifu,Fighting,Dark,Single Strike Style,8
#0892,Urshifu,Fighting,Water,Rapid Strike Style,8
#0893,Zarude,Dark,Grass,,8
#0894,Regieleki,Electric,,,8
#0895,Regidrago,Dragon,,,8
#0896,Glastrier,Ice,,,8
#0897,Spectrier,Ghost,,,8
#0898,Calyrex,Psychic,Grass,,8
#0898,Calyrex,Psychic,Ice,Ice Rider,8
#0898,Calyrex,Psychic,Ghost,Shadow Rider,8
#0899,Wyrdeer,Normal,Psychic,,8
#0900,Kleavor,Bug,Rock,,8
#0901,Ursaluna,Ground,Normal,,8
#0902,Basculegion,Water,Ghost,,8
#0903,Sneasler,Fighting,Poison,,8
#0904,Overqwil,Dark,Poison,,8
#0905,Enamorus,Fairy,Flying,,8
#0906,Sprigatito,Grass,,,9
#0907,Floragato,Grass,,,9
#0908,Meowscarada,Grass,Dark,,9
#0909,Fuecoco,Fire,,,9
#0910,Crocalor,Fire,,,9
#0911,Skeledirge,Fire,Ghost,,9
#0912,Quaxly,Water,,,9
#0913,Quaxwell,Water,,,9
#0914,Quaquaval,Water,Fighting,,9
#0915,Lechonk,Normal,,,9
#0916,Oinkologne,Normal,,,9
#0917,Tarountula,Bug,,,9
#0918,Spidops,Bug,,,9
#0919,Nymble,Bug,,,9
#0920,Lokix,Bug,Dark,,9
#0921,Pawmi,Electric,,,9
#0922,Pawmo,Electric,Fighting,,9
#0923,Pawmot,Electric,Fighting,,9
#0924,Tandemaus,Normal,,,9
#0925,Maushold,Normal,,,9
#0926,Fidough,Fairy,,,9
#0927,Dachsbun,Fairy,,,9
#0928,Smoliv,Grass,Normal,,9
#0929,Dolliv,Grass,Normal,,9
#0930,Arboliva,Grass,Normal,,9
#0931,Squawkabilly,Normal,Flying,,9
#0932,Nacli,Rock,,,9
#0933,Naclstack,Rock,,,9
#0934,Garganacl,Rock,,,9
#0935,Charcadet,Fire,,,9
#0936,Armarouge,Fire,Psychic,,9
#0937,Ceruledge,Fire,Ghost,,9
#0938,Tadbulb,Electric,,,9
#0939,Bellibolt,Electric,,,9
#0940,Wattrel,Electric,Flying,,9
#0941,Kilowattrel,Electric,Flying,,9
#0942,Maschiff,Dark,,,9
#0943,Mabosstiff,Dark,,,9
#0944,Shroodle,Poison,Normal,,9
#0945,Grafaiai,Poison,Normal,,9
#0946,Bramblin,Grass,Ghost,,9
#0947,Brambleghast,Grass,Ghost,,9
#0948,Toedscool,Ground,Grass,,9
#0949,Toedscruel,Ground,Grass,,9
#0950,Klawf,Rock,,,9
#0951,Capsakid,Grass,,,9
#0952,Scovillain,Grass,Fire,,9
#0953,Rellor,Bug,,,9
#0954,Rabsca,Bug,Psychic,,9
#0955,Flittle,Psychic,,,9
#0956,Espathra,Psychic,,,9
#0957,Tinkatink,Fairy,Steel,,9
#0958,Tinkatuff,Fairy,Steel,,9
#0959,Tinkaton,Fairy,Steel,,9
#0960,Wiglett,Water,,,9
#0961,Wugtrio,Water,,,9
#0962,Bombirdier,Flying,Dark,,9
#0963,Finizen,Water,,,9
#0964,Palafin,Water,,,9
#0965,Varoom,Steel,Poison,,9
#0966,Revavroom,Steel,Poison,,9
#0967,Cyclizar,Dragon,Normal,,9
#0968,Orthworm,Steel,,,9
#0969,Glimmet,Rock,Poison,,9
#0970,Glimmora,Rock,Poison,,9
#0971,Greavard,Ghost,,,9
#0972,Houndstone,Ghost,,,9
#0973,Flamigo,Flying,Fighting,,9
#0974,Cetoddle,Ice,,,9
#0975,Cetitan,Ice,,,9
#0976,Veluza,Water,Psychic,,9
#0977,Dondozo,Water,,,9
#0978,Tatsugiri,Dragon,Water,,9
#0979,Annihilape,Fighting,Ghost,,9
#0980,Clodsire,Poison,Ground,,9
#0981,Farigiraf,Normal,Psychic,,9
#0982,Dudunsparce,Normal,,,9
#0983,Kingambit,Dark,Steel,,9
#0984,Great Tusk,Ground,Fighting,,9
#0985,Scream Tail,Fairy,Psychic,,9
#0986,Brute Bonnet,Grass,Dark,,9
#0987,Flutter Mane,Ghost,Fairy,,9
#0988,Slither Wing,Bug,Fighting,,9
#0989,Sandy Shocks,Electric,Ground,,9
#0990,Iron Treads,Ground,Steel,,9
#0991,Iron Bundle,Ice,Water,,9
#0992,Iron Hands,Fighting,Electric,,9
#0993,Iron Jugulis,Dark,Flying,,9
#0994,Iron Moth,Fire,Poison,,9
#0995,Iron Thorns,Rock,Electric,,9
#0996,Frigibax,Dragon,Ice,,9
#0997,Arctibax,Dragon,Ice,,9
#0998,Baxcalibur,Dragon,Ice,,9
#0999,Gimmighoul,Ghost,,,9
#1000,Gholdengo,Steel,Ghost,,9
#1001,Wo-Chien,Dark,Grass,,9
#1002,Chien-Pao,Dark,Ice,,9
#1003,Ting-Lu,Dark,Ground,,9
#1004,Chi-Yu,Dark,Fire,,9
#1005,Roaring Moon,Dragon,Dark,,9
#1006,Iron Valiant,Fairy,Fighting,,9
#1007,Koraidon,Fighting,Dragon,,9
#1008,Miraidon,Electric,Dragon,,9
#1009,Walking Wake,Water,Dragon,,9
#1010,Iron Leaves,Grass,Psychic,,9
#1011,Dipplin,Grass,Dragon,,9
#1012,Poltchageist,Grass,Ghost,,9
#1013,Sinistcha,Grass,Ghost,,9
#1014,Okidogi,Poison,Fighting,,9
#1015,Munkidori,Poison,Psychic,,9
#1016,Fezandipiti,Poison,Fairy,,9
#1017,Ogerpon,Grass,,Teal Mask,9
#1017,Ogerpon,Grass,Water,Wellspring Mask,9
#1017,Ogerpon,Grass,Fire,Hearthflame Mask,9
#1017,Ogerpon,Grass,Rock,Cornerstone Mask,9
#1018,Archaludon,Steel,Dragon,,9
#1019,Hydrapple,Grass,Dragon,,9
#1020,Gouging Fire,Fire,Dragon,,9
#1021,Raging Bolt,Electric,Dragon,,9
#1022,Iron Boulder,Rock,Psychic,,9
#1023,Iron Crown,Steel,Psychic,,9
#1024,Terapagos,Normal,,,9
#1025,Pecharunt,Poison,Ghost,,9
